{
  "properties": {
    "connectionReferences": {
      "shared_commondataserviceforapps": {
        "runtimeSource": "embedded",
        "connection": {
          "connectionReferenceLogicalName": "new_sharedcommondataserviceforapps_d04e4"
        },
        "api": {
          "name": "shared_commondataserviceforapps"
        }
      },
      "shared_flowpush": {
        "runtimeSource": "embedded",
        "connection": {
          "connectionReferenceLogicalName": "aio_sharedflowpush_eabc5"
        },
        "api": {
          "name": "shared_flowpush"
        }
      }
    },
    "definition": {
      "$schema": "https://schema.management.azure.com/providers/Microsoft.Logic/schemas/2016-06-01/workflowdefinition.json#",
      "contentVersion": "1.0.0.0",
      "parameters": {
        "$connections": {
          "defaultValue": {},
          "type": "Object"
        },
        "$authentication": {
          "defaultValue": {},
          "type": "SecureObject"
        }
      },
      "triggers": {
        "行が追加、変更、または削除された場合": {
          "metadata": {
            "operationMetadataId": "f64d803a-8f71-4666-bbbc-086700f65a3e"
          },
          "type": "OpenApiConnectionWebhook",
          "inputs": {
            "host": {
              "connectionName": "shared_commondataserviceforapps",
              "operationId": "SubscribeWebhookTrigger",
              "apiId": "/providers/Microsoft.PowerApps/apis/shared_commondataserviceforapps"
            },
            "parameters": {
              "subscriptionRequest/message": 1,
              "subscriptionRequest/entityname": "aio_visitor",
              "subscriptionRequest/scope": 4
            },
            "authentication": "@parameters('$authentication')"
          }
        }
      },
      "actions": {
        "モバイル通知を受け取る": {
          "runAfter": {},
          "metadata": {
            "operationMetadataId": "186256c3-3e94-46bc-a515-465b758062ad"
          },
          "type": "OpenApiConnection",
          "inputs": {
            "host": {
              "connectionName": "shared_flowpush",
              "operationId": "SendNotification",
              "apiId": "/providers/Microsoft.PowerApps/apis/shared_flowpush"
            },
            "parameters": {
              "NotificationDefinition/notificationText": "@{triggerOutputs()?['body/aio_id']} (@{triggerOutputs()?['body/createdon']})"
            },
            "authentication": "@parameters('$authentication')"
          }
        }
      },
      "outputs": {}
    }
  },
  "schemaVersion": "1.0.0.0"
}